Year,Player,Result,Min,Gls,Ast,PK,Sh,SoT,CrdY,CrdR,Int,TklW,SoTA,GA,Saves,Save%,CS,is_goalkeeper
1998,Zinedine Zidane,28-11-6,"3,640",10.0,1.0,0.0,,,5.0,1.0,,,0.0,0.0,0.0,0.0,0.0,0
1998,Davor Šuker,22-11-7,"2,433",17.0,0.0,6.0,,,2.0,0.0,,,0.0,0.0,0.0,0.0,0.0,0
1998,Ronaldo,31-7-9,"4,212",34.0,1.0,7.0,,,2.0,0.0,,,0.0,0.0,0.0,0.0,0.0,0
1998,Michael Owen,20-14-10,"3,524",21.0,10.0,2.0,,,5.0,1.0,,,0.0,0.0,0.0,0.0,0.0,0
1998,Rivaldo,25-7-12,"3,753",20.0,1.0,2.0,,,8.0,0.0,,,0.0,0.0,0.0,0.0,0.0,0
1998,Gabriel Batistuta,17-11-7,"3,127",26.0,0.0,2.0,,,3.0,0.0,,,0.0,0.0,0.0,0.0,0.0,0
1998,Lilian Thuram,21-14-8,"3,853",0.0,0.0,0.0,,,7.0,1.0,,,0.0,0.0,0.0,0.0,0.0,0
1998,Edgar Davids,16-10-6,"2,385",2.0,0.0,0.0,,,11.0,0.0,,,0.0,0.0,0.0,0.0,0.0,0
1998,Dennis Bergkamp,20-11-2,"2,864",19.0,13.0,0.0,,,7.0,0.0,,,0.0,0.0,0.0,0.0,0.0,0
1998,Marcel Desailly,15-11-11,"3,319",0.0,0.0,0.0,,,6.0,0.0,,,0.0,0.0,0.0,0.0,0.0,0
1998,Frank de Boer,5-4-3,"1,021",2.0,1.0,0.0,,,1.0,0.0,,,0.0,0.0,0.0,0.0,0.0,0
1998,Emmanuel Petit,22-10-5,"3,104",3.0,7.0,0.0,,,5.0,1.0,,,0.0,0.0,0.0,0.0,0.0,0
1998,Roberto Carlos,25-13-10,"4,297",6.0,0.0,0.0,,,11.0,0.0,,,0.0,0.0,0.0,0.0,0.0,0
1998,Laurent Blanc,18-8-8,"3,090",12.0,0.0,3.0,,,4.0,0.0,,,0.0,0.0,0.0,0.0,0.0,0
1999,Rivaldo,27-10-9,"4,072",29.0,1.0,6.0,,,8.0,0.0,,,0.0,0.0,0.0,0.0,0.0,0
1999,David Beckham,23-20-3,"3,949",8.0,11.0,0.0,,,7.0,0.0,,,0.0,0.0,0.0,0.0,0.0,0
1999,Andriy Shevchenko,7-4-3,"1,268",10.0,,0.0,,,1.0,0.0,,,0.0,0.0,0.0,0.0,0.0,0
1999,Gabriel Batistuta,17-6-10,"2,877",22.0,0.0,0.0,,,4.0,1.0,,,0.0,0.0,0.0,0.0,0.0,0
1999,Luís Figo,24-9-7,"3,526",8.0,,0.0,,,16.0,2.0,,,0.0,0.0,0.0,0.0,0.0,0
1999,Roy Keane,25-19-3,"3,956",5.0,0.0,0.0,,,11.0,0.0,,,0.0,0.0,0.0,0.0,0.0,0
1999,Christian Vieri,14-7-2,"2,002",12.0,0.0,0.0,,,2.0,0.0,,,0.0,0.0,0.0,0.0,0.0,0
1999,Juan Sebastián Verón,18-10-9,"3,015",1.0,1.0,0.0,,,9.0,1.0,,,0.0,0.0,0.0,0.0,0.0,0
1999,Raúl,25-6-14,"3,922",28.0,,4.0,,,2.0,0.0,,,0.0,0.0,0.0,0.0,0.0,0
1999,Lothar Matthäus,24-8-6,"3,036",2.0,0.0,0.0,,,10.0,0.0,,,0.0,0.0,0.0,0.0,0.0,0
1999,Dwight Yorke,25-17-2,"3,795",26.0,11.0,0.0,,,2.0,0.0,,,0.0,0.0,0.0,0.0,0.0,0
1999,Jaap Stam,25-18-3,"3,992",1.0,1.0,0.0,,,6.0,0.0,,,0.0,0.0,0.0,0.0,0.0,0
1999,Siniša Mihajlović,19-8-3,"2,644",8.0,,1.0,,,9.0,1.0,,,0.0,0.0,0.0,0.0,0.0,0
1999,Zlatko Zahovič,2-1-3,509,7.0,,0.0,,,1.0,0.0,,,0.0,0.0,0.0,0.0,0.0,0
1999,Pavel Nedvěd,11-7-3,"1,594",1.0,,0.0,,,4.0,1.0,,,0.0,0.0,0.0,0.0,0.0,0
2000,Luís Figo,29-9-11,"4,216",15.0,,1.0,,,17.0,1.0,,,0.0,0.0,0.0,0.0,0.0,0
2000,Zinedine Zidane,26-8-6,"3,305",6.0,,1.0,,,5.0,1.0,,,0.0,0.0,0.0,0.0,0.0,0
2000,Andriy Shevchenko,16-16-6,"3,131",25.0,,8.0,,,5.0,0.0,,,0.0,0.0,0.0,0.0,0.0,0
2000,Thierry Henry,27-11-9,"3,258",28.0,8.0,2.0,,,7.0,1.0,,,0.0,0.0,0.0,0.0,0.0,0
2000,Alessandro Nesta,27-11-4,"3,582",0.0,,0.0,,,6.0,0.0,,,0.0,0.0,0.0,0.0,0.0,0
2000,Rivaldo,26-6-13,"3,714",22.0,,3.0,,,1.0,0.0,,,0.0,0.0,0.0,0.0,0.0,0
2000,Gabriel Batistuta,16-14-11,"3,470",29.0,,0.0,,,7.0,0.0,,,0.0,0.0,0.0,0.0,0.0,0
2000,Gaizka Mendieta,27-11-15,"4,279",20.0,,11.0,,,7.0,1.0,,,0.0,0.0,0.0,0.0,0.0,0
2000,Raúl,24-16-13,"4,595",28.0,,3.0,,,2.0,0.0,,,0.0,0.0,0.0,0.0,0.0,0
2000,Paolo Maldini,18-13-7,"3,340",1.0,,0.0,,,9.0,0.0,,,0.0,0.0,0.0,0.0,0.0,0
2000,David Beckham,30-8-8,"3,949",8.0,15.0,0.0,,,12.0,0.0,,,0.0,0.0,0.0,0.0,0.0,0
2000,Zlatko Zahovič,2-3-4,789,5.0,,0.0,,,0.0,0.0,,,0.0,0.0,0.0,0.0,0.0,0
2000,Francesco Totti,17-11-8,"2,980",10.0,,5.0,,,9.0,2.0,,,0.0,0.0,0.0,0.0,0.0,0
2001,Michael Owen,21-10-8,"2,555",20.0,3.0,0.0,,,0.0,0.0,,,0.0,0.0,0.0,0.0,0.0,0
2001,Raúl,29-10-9,"4,106",31.0,,0.0,,,3.0,0.0,,,0.0,0.0,0.0,0.0,0.0,0
2001,David Beckham,24-12-7,"3,633",9.0,12.0,1.0,,,6.0,0.0,,,0.0,0.0,0.0,0.0,0.0,0
2001,Francesco Totti,21-9-4,"2,869",15.0,,4.0,,,5.0,0.0,,,0.0,0.0,0.0,0.0,0.0,0
2001,Luís Figo,31-9-8,"4,156",14.0,,4.0,,,16.0,0.0,,,0.0,0.0,0.0,0.0,0.0,0
2001,Rivaldo,22-15-11,"4,112",34.0,,7.0,,,4.0,0.0,,,0.0,0.0,0.0,0.0,0.0,0
2001,Andriy Shevchenko,18-19-11,"4,224",33.0,,8.0,,,1.0,0.0,,,0.0,0.0,0.0,0.0,0.0,0
2001,Thierry Henry,27-13-10,"3,896",21.0,9.0,1.0,,,6.0,0.0,,,0.0,0.0,0.0,0.0,0.0,0
2001,Zinedine Zidane,22-12-4,"3,150",6.0,,1.0,,,2.0,2.0,,,0.0,0.0,0.0,0.0,0.0,0
2001,Bixente Lizarazu,22-5-3,"2,363",0.0,,0.0,,,10.0,1.0,,,0.0,0.0,0.0,0.0,0.0,0
2001,David Trezeguet,18-10-3,"1,833",16.0,,0.0,,,1.0,1.0,,,0.0,0.0,0.0,0.0,0.0,0
2001,Stefan Effenberg,17-8-5,"2,638",5.0,,2.0,,,13.0,1.0,,,0.0,0.0,0.0,0.0,0.0,0
2001,Henrik Larsson,2-1-2,482,4.0,,1.0,,,0.0,0.0,,,0.0,0.0,0.0,0.0,0.0,0
2001,Alessandro Nesta,21-7-10,"3,379",0.0,,0.0,,,7.0,0.0,,,0.0,0.0,0.0,0.0,0.0,0
2002,Ronaldo,17-2-3,"1,360",15.0,,0.0,,,0.0,0.0,,,0.0,0.0,0.0,0.0,0.0,0
2002,Roberto Carlos,32-10-8,"4,368",6.0,,0.0,,,9.0,0.0,,,0.0,0.0,0.0,0.0,0.0,0
2002,Zinedine Zidane,23-9-9,"3,489",10.0,,0.0,,,4.0,0.0,,,0.0,0.0,0.0,0.0,0.0,0
2002,Michael Ballack,32-8-11,"4,454",26.0,,3.0,,,19.0,1.0,,,0.0,0.0,0.0,0.0,0.0,0
2002,Thierry Henry,27-10-9,"3,865",31.0,5.0,6.0,,,6.0,1.0,,,0.0,0.0,0.0,0.0,0.0,0
2002,Raúl,30-12-9,"4,506",23.0,,0.0,,,2.0,0.0,,,0.0,0.0,0.0,0.0,0.0,0
2003,Rivaldo,21-6-8,"2,251",7.0,,1.0,,,1.0,0.0,,,0.0,0.0,0.0,0.0,0.0,0
2002,Yıldıray Baştürk,32-11-13,"4,367",4.0,,0.0,,,13.0,0.0,,,0.0,0.0,0.0,0.0,0.0,0
2002,Alessandro Del Piero,24-15-6,"3,567",21.0,,4.0,,,3.0,0.0,,,0.0,0.0,0.0,0.0,0.0,0
2002,Hasan Şaş,9-7-5,"1,903",3.0,,0.0,,,6.0,0.0,,,0.0,0.0,0.0,0.0,0.0,0
2002,Ronaldinho,19-15-5,"2,740",13.0,,4.0,,,9.0,1.0,,,0.0,0.0,0.0,0.0,0.0,0
2002,Michael Owen,23-14-7,"3,453",26.0,1.0,1.0,,,1.0,0.0,,,0.0,0.0,0.0,0.0,0.0,0
2002,Ruud van Nistelrooy,28-9-9,"3,755",33.0,4.0,7.0,,,5.0,0.0,,,0.0,0.0,0.0,0.0,0.0,0
2002,Bernd Schneider,33-11-12,"4,791",8.0,,0.0,,,8.0,0.0,,,0.0,0.0,0.0,0.0,0.0,0
2003,Pavel Nedvěd,26-10-8,"3,645",14.0,,0.0,,,6.0,0.0,,,0.0,0.0,0.0,0.0,0.0,0
2003,Thierry Henry,32-13-9,"4,696",35.0,20.0,4.0,,,9.0,0.0,,,0.0,0.0,0.0,0.0,0.0,0
2003,Paolo Maldini,26-10-12,"4,183",2.0,,0.0,,,5.0,0.0,,,0.0,0.0,0.0,0.0,0.0,0
2003,Andriy Shevchenko,15-9-11,"2,537",9.0,,0.0,,,1.0,0.0,,,0.0,0.0,0.0,0.0,0.0,0
2003,Zinedine Zidane,25-14-8,"3,872",12.0,,0.0,,,4.0,0.0,,,0.0,0.0,0.0,0.0,0.0,0
2003,Ruud van Nistelrooy,32-6-7,"3,755",39.0,4.0,6.0,,,5.0,0.0,,,0.0,0.0,0.0,0.0,0.0,0
2003,Raúl,25-13-5,"3,736",25.0,,0.0,,,1.0,0.0,,,0.0,0.0,0.0,0.0,0.0,0
2003,Roberto Carlos,27-17-8,"4,622",6.0,,0.0,,,7.0,0.0,,,0.0,0.0,0.0,0.0,0.0,0
2003,David Beckham,31-7-6,"3,412",9.0,8.0,0.0,,,6.0,0.0,,,0.0,0.0,0.0,0.0,0.0,0
2003,Ronaldo,23-12-7,"3,164",29.0,,0.0,,,1.0,0.0,,,0.0,0.0,0.0,0.0,0.0,0
2003,Henrik Larsson,7-2-3,"1,065",12.0,,1.0,,,0.0,0.0,,,0.0,0.0,0.0,0.0,0.0,0
2003,Alessandro Del Piero,19-12-6,"2,966",21.0,,7.0,,,1.0,0.0,,,0.0,0.0,0.0,0.0,0.0,0
2003,Roy Makaay,27-7-15,"4,126",38.0,,3.0,,,0.0,0.0,,,0.0,0.0,0.0,0.0,0.0,0
2004,Andriy Shevchenko,30-8-3,"3,444",28.0,,1.0,,,3.0,0.0,,,0.0,0.0,0.0,0.0,0.0,0
2004,Deco,29-12-3,"3,676",4.0,,0.0,,,17.0,1.0,,,0.0,0.0,0.0,0.0,0.0,0
2004,Ronaldinho,24-9-6,"3,200",18.0,,2.0,,,12.0,1.0,,,0.0,0.0,0.0,0.0,0.0,0
2004,Thierry Henry,33-14-4,"4,578",37.0,6.0,7.0,,,5.0,0.0,,,0.0,0.0,0.0,0.0,0.0,0
2004,Theodoros Zagorakis,3-3-6,"1,065",0.0,,0.0,,,3.0,0.0,,,0.0,0.0,0.0,0.0,0.0,0
2004,Adriano,13-8-6,"2,028",18.0,,2.0,,,0.0,0.0,,,0.0,0.0,0.0,0.0,0.0,0
2004,Pavel Nedvěd,25-6-8,"3,244",8.0,,0.0,,,6.0,0.0,,,0.0,0.0,0.0,0.0,0.0,0
2004,Wayne Rooney,10-12-16,"2,694",13.0,4.0,0.0,,,12.0,0.0,,,0.0,0.0,0.0,0.0,0.0,0
2004,Ricardo Carvalho,32-12-2,"4,124",3.0,,0.0,,,14.0,0.0,,,0.0,0.0,0.0,0.0,0.0,0
2004,Ruud van Nistelrooy,25-9-10,"3,805",28.0,2.0,3.0,,,4.0,0.0,,,0.0,0.0,0.0,0.0,0.0,0
2004,Angelos Charisteas,18-6-4,"1,205",6.0,,0.0,,,0.0,0.0,,,0.0,0.0,0.0,0.0,0.0,0
2004,Cristiano Ronaldo,23-5-11,"2,175",6.0,4.0,0.0,,,6.0,1.0,,,0.0,0.0,0.0,0.0,0.0,0
2004,Milan Baroš,10-6-5,"1,117",7.0,3.0,0.0,,,2.0,0.0,,,0.0,0.0,0.0,0.0,0.0,0
2004,Zlatan Ibrahimović,20-9-5,"2,369",17.0,,1.0,,,6.0,0.0,,,0.0,0.0,0.0,0.0,0.0,0
2004,Samuel Eto'o,17-5-17,"3,287",21.0,,6.0,,,4.0,1.0,,,0.0,0.0,0.0,0.0,0.0,0
2005,Ronaldinho,30-10-7,"4,096",16.0,,6.0,,,7.0,0.0,,,0.0,0.0,0.0,0.0,0.0,0
2005,Frank Lampard,40-11-5,"5,003",20.0,18.0,3.0,,,7.0,0.0,,,0.0,0.0,0.0,0.0,0.0,0
2005,Steven Gerrard,21-9-14,"3,713",13.0,4.0,0.0,,,6.0,0.0,,,0.0,0.0,0.0,0.0,0.0,0
2005,Thierry Henry,26-13-5,"3,878",31.0,14.0,1.0,,,3.0,0.0,,,0.0,0.0,0.0,0.0,0.0,0
2005,Andriy Shevchenko,28-11-7,"3,777",28.0,,1.0,,,3.0,0.0,,,0.0,0.0,0.0,0.0,0.0,0
2005,Paolo Maldini,31-8-7,"4,069",1.0,,0.0,,,4.0,0.0,,,0.0,0.0,0.0,0.0,0.0,0
2005,Adriano,21-20-3,"3,394",31.0,,3.0,,,3.0,1.0,,,0.0,0.0,0.0,0.0,0.0,0
2005,Zlatan Ibrahimović,34-11-7,"4,202",24.0,,1.0,,,8.0,0.0,,,0.0,0.0,0.0,0.0,0.0,0
2005,Kaká,35-11-8,"4,379",10.0,,0.0,,,6.0,0.0,,,0.0,0.0,0.0,0.0,0.0,0
2005,Samuel Eto'o,28-10-6,"3,710",29.0,,4.0,,,4.0,0.0,,,0.0,0.0,0.0,0.0,0.0,0
2005,John Terry,37-9-5,"4,590",7.0,1.0,0.0,,,7.0,0.0,,,0.0,0.0,0.0,0.0,0.0,0
2005,Claude Makélélé,34-9-4,"4,228",1.0,2.0,0.0,,,8.0,0.0,,,0.0,0.0,0.0,0.0,0.0,0
2005,Juan Román Riquelme,24-15-10,"4,228",20.0,,11.0,,,8.0,1.0,,,0.0,0.0,0.0,0.0,0.0,0
2006,Fabio Cannavaro,37-12-4,"4,731",4.0,,0.0,,,7.0,1.0,,,0.0,0.0,0.0,0.0,0.0,0
2006,Thierry Henry,28-11-10,"4,099",35.0,8.0,3.0,,,4.0,0.0,,,0.0,0.0,0.0,0.0,0.0,0
2006,Ronaldinho,34-9-2,"3,941",24.0,,9.0,,,5.0,0.0,,,0.0,0.0,0.0,0.0,0.0,0
2006,Zinedine Zidane,19-15-6,"3,080",11.0,,2.0,,,9.0,0.0,,,0.0,0.0,0.0,0.0,0.0,0
2006,Samuel Eto'o,30-11-4,"3,993",32.0,,1.0,,,2.0,0.0,,,0.0,0.0,0.0,0.0,0.0,0
2006,Miroslav Klose,24-8-8,"3,299",34.0,,1.0,,,5.0,1.0,,,0.0,0.0,0.0,0.0,0.0,0
2006,Didier Drogba,27-5-6,"2,629",14.0,11.0,0.0,,,10.0,0.0,,,0.0,0.0,0.0,0.0,0.0,0
2006,Andrea Pirlo,34-11-8,"4,457",6.0,,0.0,,,5.0,0.0,,,0.0,0.0,0.0,0.0,0.0,0
2006,Deco,31-11-3,"3,728",5.0,,0.0,,,15.0,2.0,,,0.0,0.0,0.0,0.0,0.0,0
2006,Kaká,35-9-7,"3,883",20.0,,3.0,,,2.0,0.0,,,0.0,0.0,0.0,0.0,0.0,0
2006,Franck Ribéry,21-14-11,"3,829",8.0,,0.0,,,7.0,1.0,,,0.0,0.0,0.0,0.0,0.0,0
2006,Gennaro Gattuso,36-10-7,"4,188",3.0,,0.0,,,14.0,1.0,,,0.0,0.0,0.0,0.0,0.0,0
2006,Patrick Vieira,30-13-3,"4,038",7.0,,0.0,,,16.0,1.0,,,0.0,0.0,0.0,0.0,0.0,0
2007,Kaká,25-13-9,"4,053",18.0,,6.0,,,3.0,0.0,,,0.0,0.0,0.0,0.0,0.0,0
2007,Cristiano Ronaldo,35-7-12,"4,504",25.0,8.0,3.0,,,7.0,0.0,,,0.0,0.0,0.0,0.0,0.0,0
2007,Lionel Messi,17-7-7,"2,376",15.0,,0.0,,,3.0,0.0,,,0.0,0.0,0.0,0.0,0.0,0
2007,Didier Drogba,31-12-5,"3,996",26.0,4.0,0.0,,,11.0,0.0,,,0.0,0.0,0.0,0.0,0.0,0
2007,Andrea Pirlo,32-15-10,"4,752",3.0,,0.0,,,6.0,1.0,,,0.0,0.0,0.0,0.0,0.0,0
2007,Ruud van Nistelrooy,27-7-10,"3,748",31.0,,6.0,,,5.0,0.0,,,0.0,0.0,0.0,0.0,0.0,0
2007,Zlatan Ibrahimović,25-8-4,"2,895",15.0,,0.0,,,12.0,3.0,,,0.0,0.0,0.0,0.0,0.0,0
2007,Cesc Fàbregas,26-14-12,"4,318",4.0,11.0,0.0,,,10.0,0.0,,,0.0,0.0,0.0,0.0,0.0,0
2007,Robinho,24-6-10,"2,321",7.0,,0.0,,,5.0,1.0,,,0.0,0.0,0.0,0.0,0.0,0
2007,Francesco Totti,25-12-9,"3,988",30.0,,6.0,,,4.0,1.0,,,0.0,0.0,0.0,0.0,0.0,0
2007,Frédéric Kanouté,24-9-9,"3,418",25.0,,7.0,,,4.0,0.0,,,0.0,0.0,0.0,0.0,0.0,0
2007,Ronaldinho,24-8-9,"3,542",23.0,,7.0,,,8.0,1.0,,,0.0,0.0,0.0,0.0,0.0,0
2007,Steven Gerrard,31-13-11,"4,700",13.0,2.0,1.0,,,3.0,0.0,,,0.0,0.0,0.0,0.0,0.0,0
2007,Juan Román Riquelme,5-4-4,"1,170",1.0,,1.0,,,1.0,0.0,,,0.0,0.0,0.0,0.0,0.0,0
2007,Dani Alves,28-10-10,"4,290",5.0,,0.0,,,17.0,0.0,,,0.0,0.0,0.0,0.0,0.0,0
2008,Cristiano Ronaldo,38-13-4,"4,661",43.0,6.0,5.0,,,7.0,1.0,,,0.0,0.0,0.0,0.0,0.0,0
2008,Lionel Messi,21-10-6,"2,726",16.0,,5.0,,,4.0,0.0,,,0.0,0.0,0.0,0.0,0.0,0
2008,Fernando Torres,30-15-6,"3,933",33.0,4.0,0.0,,,7.0,0.0,,,0.0,0.0,0.0,0.0,0.0,0
2008,Xavi,34-15-8,"4,689",11.0,,0.0,,,6.0,1.0,,,0.0,0.0,0.0,0.0,0.0,0
2008,Andrey Arshavin,11-4-7,"1,952",7.0,,0.0,,,4.0,1.0,,,0.0,0.0,0.0,0.0,0.0,0
2008,David Villa,21-8-14,"3,107",25.0,,3.0,,,5.0,2.0,,,0.0,0.0,0.0,0.0,0.0,0
2008,Zlatan Ibrahimović,24-9-7,"3,128",24.0,,9.0,,,9.0,0.0,,,0.0,0.0,0.0,0.0,0.0,0
2008,Kaká,20-8-10,"3,270",17.0,,7.0,,,5.0,0.0,,,0.0,0.0,0.0,0.0,0.0,0
2008,Steven Gerrard,28-15-9,"4,422",17.0,8.0,5.0,,,5.0,0.0,,,0.0,0.0,0.0,0.0,0.0,0
2008,Marcos Senna,30-5-9,"3,749",5.0,,3.0,,,9.0,0.0,,,0.0,0.0,0.0,0.0,0.0,0
2008,Emmanuel Adebayor,28-13-4,"3,558",27.0,4.0,3.0,,,5.0,0.0,,,0.0,0.0,0.0,0.0,0.0,0
2008,Wayne Rooney,29-9-2,"3,222",18.0,9.0,0.0,,,10.0,0.0,,,0.0,0.0,0.0,0.0,0.0,0
2008,Sergio Agüero,25-8-12,"3,402",24.0,,0.0,,,10.0,3.0,,,0.0,0.0,0.0,0.0,0.0,0
2008,Frank Lampard,23-11-4,"2,966",15.0,8.0,6.0,,,5.0,1.0,,,0.0,0.0,0.0,0.0,0.0,0
2009,Lionel Messi,31-9-3,"3,444",32.0,,3.0,,,3.0,0.0,,,0.0,0.0,0.0,0.0,0.0,0
2009,Cristiano Ronaldo,32-13-4,"4,112",22.0,6.0,4.0,,,9.0,1.0,,,0.0,0.0,0.0,0.0,0.0,0
2009,Xavi,43-11-5,"4,925",9.0,0.0,0.0,,,6.0,0.0,,,0.0,0.0,0.0,0.0,0.0,0
2009,Andrés Iniesta,31-8-2,"3,168",6.0,,0.0,,,6.0,0.0,,,0.0,0.0,0.0,0.0,0.0,0
2009,Samuel Eto'o,31-11-6,"3,870",36.0,,3.0,,,11.0,0.0,,,0.0,0.0,0.0,0.0,0.0,0
2009,Kaká,28-9-3,"3,256",18.0,2.0,8.0,,,4.0,0.0,,,0.0,0.0,0.0,0.0,0.0,0
2009,Zlatan Ibrahimović,28-12-8,"4,248",27.0,,2.0,,,10.0,0.0,,,0.0,0.0,0.0,0.0,0.0,0
2009,Wayne Rooney,34-11-5,"3,795",24.0,7.0,0.0,,,11.0,1.0,,,0.0,0.0,0.0,0.0,0.0,0
2009,Didier Drogba,18-12-4,"2,215",10.0,4.0,0.0,,,3.0,0.0,,,0.0,0.0,0.0,0.0,0.0,0
2009,Steven Gerrard,33-10-3,"3,724",24.0,9.0,7.0,,,6.0,0.0,,,0.0,0.0,0.0,0.0,0.0,0
2009,Fernando Torres,30-10-2,"3,135",19.0,4.0,0.0,,,2.0,0.0,,,0.0,0.0,0.0,0.0,0.0,0
2009,Cesc Fàbregas,23-9-7,"3,201",4.0,10.0,0.0,,,9.0,0.0,,,0.0,0.0,0.0,0.0,0.0,0
2009,Edin Džeko,27-8-11,"3,875",37.0,,0.0,,,5.0,0.0,,,0.0,0.0,0.0,0.0,0.0,0
2009,Ryan Giggs,24-10-5,"2,157",3.0,7.0,0.0,,,0.0,0.0,,,0.0,0.0,0.0,0.0,0.0,0
2009,Thierry Henry,34-7-5,"3,430",26.0,,0.0,,,5.0,0.0,,,0.0,0.0,0.0,0.0,0.0,0
2010,Lionel Messi,38-9-3,"4,187",42.0,,1.0,,,3.0,0.0,,,0.0,0.0,0.0,0.0,0.0,0
2010,Andrés Iniesta,32-8-3,"2,867",2.0,,0.0,,,4.0,0.0,,,0.0,0.0,0.0,0.0,0.0,0
2010,Xavi,38-10-4,"4,371",4.0,,0.0,,,5.0,0.0,,,0.0,0.0,0.0,0.0,0.0,0
2010,Wesley Sneijder,29-10-3,"3,296",9.0,,0.0,,,5.0,2.0,,,0.0,0.0,0.0,0.0,0.0,0
2010,Diego Forlán,21-16-17,"4,303",27.0,,4.0,,,3.0,0.0,,,0.0,0.0,0.0,0.0,0.0,0
2010,Cristiano Ronaldo,31-6-5,"3,465",34.0,,4.0,,,6.0,2.0,,,0.0,0.0,0.0,0.0,0.0,0
2010,David Villa,29-13-7,"3,999",34.0,,4.0,,,7.0,1.0,,,0.0,0.0,0.0,0.0,0.0,0
2010,Didier Drogba,24-9-10,"3,721",34.0,10.0,1.0,,,8.0,1.0,,,0.0,0.0,0.0,0.0,0.0,0
2010,Xabi Alonso,36-4-7,"4,108",3.0,,1.0,,,16.0,0.0,,,0.0,0.0,0.0,0.0,0.0,0
2010,Carles Puyol,35-9-3,"4,054",1.0,,0.0,,,12.0,1.0,,,0.0,0.0,0.0,0.0,0.0,0
2010,Samuel Eto'o,28-13-11,"4,297",18.0,0.0,3.0,,,8.0,0.0,,,0.0,0.0,0.0,0.0,0.0,0
2010,Mesut Özil,28-12-9,"3,943",11.0,,2.0,,,3.0,0.0,,,0.0,0.0,0.0,0.0,0.0,0
2010,Arjen Robben,25-5-7,"2,624",21.0,,3.0,,,3.0,0.0,,,0.0,0.0,0.0,0.0,0.0,0
2010,Thomas Müller,30-11-9,"3,865",18.0,,0.0,,,6.0,1.0,,,0.0,0.0,0.0,0.0,0.0,0
2011,Lionel Messi,35-8-4,"3,997",43.0,,5.0,,,3.0,0.0,,,0.0,0.0,0.0,0.0,0.0,0
2011,Cristiano Ronaldo,38-8-3,"4,189",48.0,,9.0,,,5.0,0.0,,,0.0,0.0,0.0,0.0,0.0,0
2011,Xavi,39-7-3,"3,926",6.0,1.0,0.0,,,7.0,0.0,,,0.0,0.0,0.0,0.0,0.0,0
2011,Andrés Iniesta,42-7-2,"4,309",11.0,0.0,0.0,,,5.0,0.0,,,0.0,0.0,0.0,0.0,0.0,0
2011,Wayne Rooney,26-10-5,"3,354",16.0,11.0,4.0,,,7.0,0.0,,,0.0,0.0,0.0,0.0,0.0,0
2011,Luis Suárez,17-10-10,"3,287",15.0,3.0,2.0,,,10.0,1.0,,,0.0,0.0,0.0,0.0,0.0,0
2011,Diego Forlán,15-8-18,"2,846",12.0,,0.0,,,3.0,0.0,,,0.0,0.0,0.0,0.0,0.0,0
2011,Samuel Eto'o,25-8-12,"3,855",29.0,,6.0,,,3.0,0.0,,,0.0,0.0,0.0,0.0,0.0,0
2011,Mesut Özil,43-8-6,"4,197",9.0,0.0,0.0,,,3.0,0.0,,,0.0,0.0,0.0,0.0,0.0,0
2011,Wesley Sneijder,25-6-12,"3,627",11.0,,0.0,,,3.0,0.0,,,0.0,0.0,0.0,0.0,0.0,0
2011,Thomas Müller,34-8-9,"4,144",19.0,,0.0,,,3.0,0.0,,,0.0,0.0,0.0,0.0,0.0,0
2011,David Villa,45-7-2,"4,348",27.0,0.0,3.0,,,3.0,1.0,,,0.0,0.0,0.0,0.0,0.0,0
2011,Bastian Schweinsteiger,29-8-8,"3,839",6.0,0.0,1.0,,,10.0,0.0,,,0.0,0.0,0.0,0.0,0.0,0
2012,Lionel Messi,37-11-5,"4,710",67.0,0.0,14.0,,,8.0,0.0,,,0.0,0.0,0.0,0.0,0.0,0
2012,Cristiano Ronaldo,46-7-5,"5,210",64.0,0.0,15.0,,,7.0,0.0,,,0.0,0.0,0.0,0.0,0.0,0
2012,Andrés Iniesta,29-10-2,"2,973",5.0,2.0,0.0,,,4.0,0.0,,,0.0,0.0,0.0,0.0,0.0,0
2012,Xavi,33-12-3,"3,511",12.0,0.0,0.0,,,2.0,0.0,,,0.0,0.0,0.0,0.0,0.0,0
2012,Radamel Falcao,30-10-13,"4,365",37.0,0.0,6.0,,,9.0,0.0,,,0.0,0.0,0.0,0.0,0.0,0
2012,Andrea Pirlo,27-19-0,"4,156",4.0,2.0,0.0,,,6.0,0.0,,,0.0,0.0,0.0,0.0,0.0,0
2012,Didier Drogba,22-10-8,"2,813",15.0,1.0,1.0,,,3.0,1.0,,,0.0,0.0,0.0,0.0,0.0,0
2012,Robin van Persie,29-9-15,"4,522",40.0,9.0,3.0,,,9.0,0.0,,,0.0,0.0,0.0,0.0,0.0,0
2012,Zlatan Ibrahimović,27-8-11,"4,065",35.0,0.0,12.0,,,6.0,1.0,,,0.0,0.0,0.0,0.0,0.0,0
2012,Xabi Alonso,43-7-3,"4,576",4.0,0.0,1.0,,,19.0,0.0,,,0.0,0.0,0.0,0.0,0.0,0
2012,Yaya Touré,33-7-6,"3,860",10.0,9.0,0.0,,,12.0,0.0,,,0.0,0.0,0.0,0.0,0.0,0
2012,Mesut Özil,43-5-4,"3,966",10.0,3.0,1.0,,,5.0,1.0,,,0.0,0.0,0.0,0.0,0.0,0
2012,Wayne Rooney,32-7-7,"3,917",35.0,4.0,9.0,,,2.0,1.0,,,0.0,0.0,0.0,0.0,0.0,0
2013,Cristiano Ronaldo,33-10-9,"4,336",47.0,2.0,6.0,,,12.0,0.0,,,0.0,0.0,0.0,0.0,0.0,0
2013,Lionel Messi,35-11-5,"4,062",59.0,0.0,5.0,,,1.0,0.0,,,0.0,0.0,0.0,0.0,0.0,0
2013,Franck Ribéry,38-4-2,"3,389",13.0,4.0,0.0,,,4.0,0.0,,,0.0,0.0,0.0,0.0,0.0,0
2013,Zlatan Ibrahimović,33-10-6,"4,305",37.0,3.0,6.0,,,11.0,2.0,,,0.0,0.0,0.0,0.0,0.0,0
2013,Neymar,5-0-0,410,4.0,2.0,0.0,,,1.0,0.0,,,0.0,0.0,0.0,0.0,0.0,0
2013,Andrés Iniesta,36-9-7,"3,760",4.0,0.0,0.0,,,5.0,0.0,,,0.0,0.0,0.0,0.0,0.0,0
2013,Robin van Persie,37-6-6,"3,990",34.0,11.0,4.0,,,8.0,0.0,,,0.0,0.0,0.0,0.0,0.0,0
2013,Arjen Robben,26-0-2,"1,984",9.0,1.0,0.0,,,2.0,0.0,,,0.0,0.0,0.0,0.0,0.0,0
2013,Gareth Bale,24-13-10,"4,131",28.0,4.0,2.0,,,10.0,0.0,,,0.0,0.0,0.0,0.0,0.0,0
2013,Andrea Pirlo,35-9-8,"4,629",7.0,5.0,1.0,,,8.0,0.0,,,0.0,0.0,0.0,0.0,0.0,0
2013,Radamel Falcao,23-7-8,"3,255",30.0,0.0,9.0,,,9.0,0.0,,,0.0,0.0,0.0,0.0,0.0,0
2013,Yaya Touré,25-10-8,"3,818",13.0,6.0,1.0,,,10.0,0.0,,,0.0,0.0,0.0,0.0,0.0,0
2013,Robert Lewandowski,26-15-9,"4,223",36.0,2.0,4.0,,,3.0,1.0,,,0.0,0.0,0.0,0.0,0.0,0
2013,Philipp Lahm,38-5-3,"4,017",0.0,1.0,0.0,,,5.0,0.0,,,0.0,0.0,0.0,0.0,0.0,0
2013,Xavi,37-7-6,"3,946",6.0,3.0,1.0,,,1.0,0.0,,,0.0,0.0,0.0,0.0,0.0,0
2014,Cristiano Ronaldo,36-9-5,"4,303",58.0,1.0,8.0,,,8.0,1.0,,,0.0,0.0,0.0,0.0,0.0,0
2014,Lionel Messi,30-9-5,"3,643",42.0,0.0,10.0,,,2.0,0.0,,,0.0,0.0,0.0,0.0,0.0,0
2014,Arjen Robben,37-5-3,"3,186",21.0,3.0,1.0,,,1.0,0.0,,,0.0,0.0,0.0,0.0,0.0,0
2014,Thomas Müller,42-6-5,"3,712",25.0,3.0,5.0,,,2.0,0.0,,,0.0,0.0,0.0,0.0,0.0,0
2014,Philipp Lahm,40-6-4,"4,209",1.0,2.0,0.0,,,3.0,0.0,,,0.0,0.0,0.0,0.0,0.0,0
2014,Neymar,30-7-6,"3,132",21.0,1.0,2.0,,,9.0,0.0,,,0.0,0.0,0.0,0.0,0.0,0
2014,James Rodríguez,25-11-5,"3,208",15.0,3.0,3.0,,,3.0,0.0,,,0.0,0.0,0.0,0.0,0.0,0
2014,Toni Kroos,41-6-5,"4,063",4.0,4.0,0.0,,,7.0,0.0,,,0.0,0.0,0.0,0.0,0.0,0
2014,Ángel Di María,40-8-4,"3,776",8.0,1.0,0.0,,,7.0,0.0,,,0.0,0.0,0.0,0.0,0.0,0
2014,Diego Costa,34-7-7,"3,812",35.0,0.0,6.0,,,9.0,0.0,,,0.0,0.0,0.0,0.0,0.0,0
2014,Gareth Bale,30-5-6,"3,041",22.0,1.0,0.0,,,3.0,0.0,,,0.0,0.0,0.0,0.0,0.0,0
2014,Zlatan Ibrahimović,34-8-5,"3,928",40.0,2.0,8.0,,,8.0,0.0,,,0.0,0.0,0.0,0.0,0.0,0
2014,Yaya Touré,31-7-11,"4,095",21.0,10.0,6.0,,,9.0,0.0,,,0.0,0.0,0.0,0.0,0.0,0
2014,Mario Götze,35-7-5,"2,773",18.0,1.0,0.0,,,0.0,0.0,,,0.0,0.0,0.0,0.0,0.0,0
2015,Lionel Messi,54-7-8,"6,157",62.0,31.0,8.0,17.0,6.0,7.0,0.0,1.0,1.0,0.0,0.0,0.0,0.0,0.0,0
2015,Cristiano Ronaldo,42-5-9,"4,848",66.0,19.0,14.0,20.0,10.0,7.0,1.0,3.0,2.0,0.0,0.0,0.0,0.0,0.0,0
2015,Neymar,52-3-7,"5,035",48.0,11.0,1.0,8.0,3.0,11.0,1.0,0.0,1.0,0.0,0.0,0.0,0.0,0.0,0
2015,Robert Lewandowski,38-10-8,"4,599",32.0,11.0,1.0,128.0,56.0,2.0,0.0,14.0,6.0,0.0,0.0,0.0,0.0,0.0,0
2015,Luis Suárez,36-4-5,"3,713",26.0,19.0,0.0,,,7.0,0.0,,,0.0,0.0,0.0,0.0,0.0,0
2015,Thomas Müller,41-8-9,"4,367",27.0,15.0,7.0,107.0,49.0,3.0,0.0,16.0,21.0,0.0,0.0,0.0,0.0,0.0,0
2015,Eden Hazard,39-16-6,"5,153",21.0,11.0,7.0,90.0,38.0,4.0,0.0,27.0,26.0,0.0,0.0,0.0,0.0,0.0,0
2015,Andrés Iniesta,35-4-7,"3,159",3.0,6.0,0.0,7.0,1.0,3.0,0.0,0.0,2.0,0.0,0.0,0.0,0.0,0.0,0
2015,Alexis Sánchez,38-13-12,"5,242",28.0,12.0,0.0,134.0,52.0,6.0,0.0,41.0,51.0,0.0,0.0,0.0,0.0,0.0,0
2015,Zlatan Ibrahimović,24-12-5,"3,367",36.0,9.0,12.0,22.0,8.0,7.0,1.0,3.0,1.0,0.0,0.0,0.0,0.0,0.0,0
2015,Yaya Touré,28-8-11,"3,833",13.0,1.0,3.0,97.0,30.0,8.0,1.0,23.0,30.0,0.0,0.0,0.0,0.0,0.0,0
2015,Sergio Agüero,27-11-14,"3,890",40.0,10.0,8.0,157.0,67.0,9.0,0.0,13.0,19.0,0.0,0.0,0.0,0.0,0.0,0
2015,Javier Mascherano,49-4-8,"5,165",0.0,2.0,0.0,1.0,0.0,14.0,1.0,5.0,2.0,0.0,0.0,0.0,0.0,0.0,0
2015,Paul Pogba,29-12-7,"3,831",12.0,7.0,0.0,,,9.0,0.0,,,0.0,0.0,0.0,0.0,0.0,0
2016,Cristiano Ronaldo,40-12-7,"5,242",56.0,14.0,8.0,362.0,149.0,3.0,0.0,13.0,13.0,0.0,0.0,0.0,0.0,0.0,0
2016,Lionel Messi,43-10-6,"4,992",49.0,25.0,5.0,214.0,102.0,6.0,0.0,7.0,15.0,0.0,0.0,0.0,0.0,0.0,0
2016,Antoine Griezmann,46-10-11,"5,205",37.0,7.0,2.0,142.0,74.0,6.0,0.0,66.0,72.0,0.0,0.0,0.0,0.0,0.0,0
2016,Luis Suárez,40-7-6,"4,766",55.0,24.0,3.0,167.0,86.0,12.0,0.0,12.0,27.0,0.0,0.0,0.0,0.0,0.0,0
2016,Neymar,41-6-6,"4,670",33.0,16.0,7.0,159.0,75.0,12.0,0.0,16.0,36.0,0.0,0.0,0.0,0.0,0.0,0
2016,Gareth Bale,27-6-7,"3,115",24.0,12.0,0.0,146.0,61.0,4.0,0.0,31.0,19.0,0.0,0.0,0.0,0.0,0.0,0
2016,Riyad Mahrez,26-14-4,"3,548",19.0,15.0,4.0,86.0,39.0,1.0,0.0,39.0,42.0,0.0,0.0,0.0,0.0,0.0,0
2016,Jamie Vardy,29-13-6,"3,824",28.0,6.0,5.0,123.0,56.0,8.0,1.0,19.0,35.0,0.0,0.0,0.0,0.0,0.0,0
2016,Pepe,28-8-6,"3,749",1.0,1.0,0.0,18.0,8.0,8.0,0.0,94.0,42.0,0.0,0.0,0.0,0.0,0.0,0
2016,Pierre-Emerick Aubameyang,38-9-7,"4,427",42.0,10.0,5.0,150.0,70.0,4.0,0.0,12.0,8.0,0.0,0.0,0.0,0.0,0.0,0
2016,Zlatan Ibrahimović,43-9-8,"4,897",54.0,18.0,7.0,242.0,114.0,4.0,0.0,16.0,21.0,0.0,0.0,0.0,0.0,0.0,0
2016,Paul Pogba,45-8-8,"5,207",10.0,15.0,1.0,156.0,48.0,12.0,0.0,62.0,96.0,0.0,0.0,0.0,0.0,0.0,0
2016,Arturo Vidal,43-10-7,"4,333",12.0,12.0,2.0,95.0,39.0,15.0,0.0,68.0,104.0,0.0,0.0,0.0,0.0,0.0,0
2017,Cristiano Ronaldo,38-12-6,"4,906",53.0,14.0,8.0,256.0,94.0,6.0,0.0,11.0,7.0,0.0,0.0,0.0,0.0,0.0,0
2017,Lionel Messi,41-7-8,"4,810",57.0,18.0,10.0,217.0,93.0,9.0,0.0,7.0,23.0,0.0,0.0,0.0,0.0,0.0,0
2017,Neymar,38-7-7,"4,572",26.0,26.0,5.0,125.0,52.0,18.0,1.0,16.0,46.0,0.0,0.0,0.0,0.0,0.0,0
2017,Luka Modrić,31-6-6,"3,420",1.0,4.0,0.0,31.0,12.0,4.0,0.0,68.0,31.0,0.0,0.0,0.0,0.0,0.0,0
2017,Sergio Ramos,35-10-5,"4,497",10.0,2.0,1.0,45.0,13.0,14.0,1.0,87.0,52.0,0.0,0.0,0.0,0.0,0.0,0
2017,Kylian Mbappé,31-7-7,"2,483",24.0,9.0,0.0,69.0,46.0,2.0,0.0,6.0,7.0,0.0,0.0,0.0,0.0,0.0,0
2017,N'Golo Kanté,38-5-8,"4,136",2.0,1.0,0.0,28.0,8.0,12.0,0.0,84.0,85.0,0.0,0.0,0.0,0.0,0.0,0
2017,Robert Lewandowski,40-7-6,"4,559",54.0,9.0,14.0,196.0,77.0,6.0,0.0,18.0,14.0,0.0,0.0,0.0,0.0,0.0,0
2017,Harry Kane,25-7-9,"3,398",38.0,7.0,7.0,130.0,66.0,4.0,0.0,7.0,17.0,0.0,0.0,0.0,0.0,0.0,0
2017,Edinson Cavani,36-10-11,"4,716",54.0,6.0,9.0,177.0,78.0,8.0,0.0,19.0,21.0,0.0,0.0,0.0,0.0,0.0,0
2017,Isco,39-7-1,"2,518",13.0,10.0,0.0,40.0,18.0,5.0,0.0,21.0,38.0,0.0,0.0,0.0,0.0,0.0,0
2017,Luis Suárez,39-8-11,"4,911",38.0,22.0,1.0,141.0,66.0,15.0,1.0,15.0,18.0,0.0,0.0,0.0,0.0,0.0,0
2017,Kevin De Bruyne,34-12-10,"4,500",7.0,23.0,0.0,105.0,27.0,6.0,0.0,35.0,43.0,0.0,0.0,0.0,0.0,0.0,0
2017,Paulo Dybala,37-8-7,"3,587",19.0,9.0,6.0,113.0,41.0,5.0,1.0,23.0,19.0,0.0,0.0,0.0,0.0,0.0,0
1998,Fabien Barthez,24-7-13,"3,990",0,0.0,0,,,4,0,,,,33,,,11,1
2000,Fabien Barthez,22-5-6,"2,930",0,,0,,,4,0,,,,29,,,11,1
2000,Francesco Toldo,23-18-11,"4,710",0,,0,,,4,0,,,,40,,,13,1
2001,Oliver Kahn,28-9-11,"4,325",0,,0,,,7,1,,,,33,,,8,1
2002,Oliver Kahn,31-13-7,"4,590",0,,0,,,3,0,,,,23,,,24,1
2003,Gianluigi Buffon,26-13-8,"4,235",0,,0,,,2,0,,,,23,,,15,1
2003,Dida,27-11-9,"4,215",0,,0,,,0,0,,,,26,,,14,1
2005,Petr Čech,40-8-7,"4,980",0,0.0,0,,,0,0,,,,21,,,28,1
2006,Gianluigi Buffon,16-9-2,"2,426",0,,0,,,0,0,,,,13,,,10,1
2006,Jens Lehmann,28-11-12,"4,547",0,0.0,0,,,1,1,,,,34,,,19,1
2008,Iker Casillas,36-7-10,"4,800",0,,0,,,5,0,,,,36,,,19,1
2010,Iker Casillas,41-5-7,"4,770",0,,0,,,2,0,,,,39,,,19,1
2011,Iker Casillas,41-8-5,"4,801",0,0.0,0,,,4,1,,,,37,,,17,1
2012,Iker Casillas,44-7-3,"4,920",0,0.0,0,,,1,0,,,,32,,,20,1
2014,Manuel Neuer,42-5-5,"4,665",0,0.0,0,,,0,0,,,27.0,24,,88.9,21,1
2015,Manuel Neuer,40-8-11,"5,342",0,0.0,0,0.0,0.0,3,0,0.0,0.0,162.0,41,81.0,77.8,32,1
2016,Gianluigi Buffon,40-8-8,"5,048",0,0.0,0,0.0,0.0,2,0,1.0,0.0,126.0,36,110.0,79.4,31,1
2016,Rui Patrício,36-10-10,"4,964",0,0.0,0,0.0,0.0,4,2,1.0,1.0,42.0,43,37.0,52.4,22,1
2017,Gianluigi Buffon,35-10-7,"4,605",0,0.0,0,0.0,0.0,0,0,1.0,1.0,123.0,37,93.0,74.0,25,1
